Year,Location,Theft,Murder,Hurt,Crime Against Women,Kidnapping and Abduction,Economic Offences,Child Trafficking,Child Marriage,Juvenile Crimes,Juvenile Population,Juvenile Apprehended Rate,Juvenile Education - Illiterate,Juvenile Education - Upto Primary,Juvenile Education - Above Primary But Below Matric,Juvenile Education - Matric/ High Secondary & Above,Primary  - Girls,Primary - Boys,Primary - Overall,Upper Primary - Girls,Upper Primary - Boys,Upper Primary - Overall,Secondary - Girls,Secondary - Boys,Secondary - Overall
2013,Andaman & Nicobar Islands,7,1.1,10.5,41.9,2.7,5.71,0,0,8,1.33,6.02,1,1,5,1,0.51,0.84,0.68,1.08,1.37,1.23,5.55,5.57,5.56
2013,Andhra Pradesh,35.9,2.9,69.9,76.25,2.5,17.13,0.16,0.06,3133,266.23,11.77,1063,1037,714,424,3.06,3.3,3.18,3.51,3.22,3.36,13.26,12.21,12.73
2013,Arunachal Pradesh,40.3,5.4,39.1,47.68,11.1,7.61,0,0,122,4.63,26.35,19,50,50,3,14.44,15.84,15.16,9.06,5.86,7.47,11.76,13.99,12.93
2013,Assam,33.4,4.3,26,113.93,15.3,13.08,1.11,0.01,680,117.5,5.79,242,179,217,42,5.46,7.02,6.25,6.54,7.89,7.2,27.79,25.65,26.77
2013,Bihar,21.3,3.4,35.4,28,5.5,6.4,0.46,0,2104,442.45,4.76,740,476,502,386,0,0,0,0,0,0,31.28,29.11,30.14
2013,Chandigarh,94.6,1.4,3.7,73.05,16.3,19.31,0,0,120,3.83,31.33,17,32,51,20,0,0,0,0.88,0,0.1,0,0,0
2013,Chhattisgarh,20.7,3.8,42.2,56.28,8.9,4.6,0.45,0.01,2544,99.19,25.65,486,869,1009,180,4.05,4.23,4.15,4.73,6.1,5.42,14.89,14.82,14.86
2013,Dadra & Nagar Haveli,14.8,0.8,3.8,11.54,3.3,3.06,0,0,26,1.26,20.63,4,0,18,4,0.47,0,0,4.3,2.59,3.38,22,26.33,24.4
2013,Daman & Diu,12.8,3,4.7,24,4.4,7.74,0,0,14,0.89,15.73,3,4,7,0,0,0,0,0,0,0,12.25,10.84,11.52
2013,Delhi,152.8,2.6,9,146.79,31.9,17,0,0.02,2140,54.43,39.32,416,599,821,304,0,0,0,0.31,0,0,4.21,6.25,5.32
2013,Goa,60.4,1.9,18.5,49.49,5.7,16.45,0,0,72,5.07,14.2,1,20,47,4,0.26,0,0,0,0,0,6.25,9.49,7.96
2013,Gujarat,25.2,1.8,16.3,42.63,4.4,4.34,0.01,0.06,2478,204.28,12.13,348,953,903,274,1.35,0.21,0.74,8.19,2.75,5.2,12.95,13.96,13.54
2013,Haryana,70.5,3.7,12,75.04,10.5,10.45,0.04,0.19,1410,91.39,15.43,165,288,793,164,1.06,1.48,1.29,0.8,0.18,0.45,9.93,8.23,8.98
2013,Himachal Pradesh,11.8,1.5,16.7,43.61,5.1,8.92,0.05,0.09,227,21.41,10.6,5,24,96,102,0.39,0.5,0.45,0.49,0.52,0.5,8.4,8.35,8.38
2013,Jammu & Kashmir,15.4,1.2,2.7,60.99,8.2,6.39,0.02,0,136,44.47,3.06,0,22,99,15,5.75,6.8,6.3,5.53,5.52,5.52,17.96,16.79,17.33
2013,Jharkhand,21.1,5,18.4,41.26,3.9,10.68,0.2,0.01,394,129.81,3.04,122,105,90,77,7.05,7.36,7.21,5.94,4.99,5.47,19.21,17.84,18.5
2013,Karnataka,32.5,2.6,34.7,40.11,3,11.74,0.37,0.13,530,194,2.73,97,177,142,114,2.5,3.4,2.97,5.15,4.96,5.05,39.07,40.7,39.92
2013,Kerala,11.6,1.1,58.1,62.43,0.7,14.98,0.16,0.12,1237,92.83,13.33,35,153,527,522,0,0,0,0,0,0,6.38,12.3,9.45
2013,Lakshadweep,10.3,0,6.4,7.69,0,1.28,0,0,0,0.18,0,0,0,0,0,2.71,2.3,2.5,0,0.97,0.29,9.17,6.15,7.68
2013,Madhya Pradesh,33.5,2.8,47.1,61.64,4.5,2.88,0.1,0.02,7365,296.28,24.86,2536,2171,1891,767,6.5,5.75,6.11,10.28,6.8,8.53,16.39,11.15,13.63
2013,Maharashtra,45.3,2.2,26.5,44.9,2.3,10.9,0.15,0.04,8012,373.7,21.44,745,3079,3348,840,1.07,0.88,0.97,2.71,0.89,1.73,15.72,16.61,16.2
2013,Manipur,33.9,3.7,8.9,22.84,7.2,7.87,2.31,0,7,9.53,0.73,0,6,1,0,9.48,10.24,9.86,6.65,5.48,6.06,11.35,8.16,9.75
2013,Meghalaya,22.9,6.2,10.3,25.75,5.2,8.84,0.81,0,154,9.91,15.54,26,78,41,9,8.96,11.32,10.13,7.34,8.43,7.85,25.01,27.21,26.02
2013,Mizoram,62.3,2.6,6.8,35.4,0.7,7.56,0,0,119,3.65,32.6,0,16,38,65,23.94,24.26,24.11,19.22,19.35,19.29,20.65,22.18,21.42
2013,Nagaland,17.6,3.4,2.6,6.1,1.7,3.33,0,0,14,6.58,2.13,0,4,7,3,7.03,7.11,7.07,9.51,10.15,9.83,26.32,26.7,26.51
2013,Odisha,24.2,3.5,25.8,68.9,5.7,6.28,0.57,0,1093,139.27,7.85,267,424,349,53,3.49,3.62,3.56,3.52,4.09,3.82,49.62,50.09,49.86
2013,Puducherry,38.7,2,46.6,12.15,2.7,6.13,0,0.22,66,4.47,14.77,3,59,4,0,0.43,0.25,0.34,1.04,0.33,0.68,11.72,18.5,15.22
2013,Punjab,17.2,2.5,13.8,38.16,4.5,14.57,0.01,0,432,86.86,4.97,30,75,140,187,1.98,2,1.98,3.04,2.58,2.78,10.3,9.4,9.8
2013,Rajasthan,41.2,2.2,26.7,83.13,7.1,33.39,0.2,0.02,2882,281.32,10.24,362,954,1232,334,8.85,7.2,7.97,6.34,2.87,4.42,14.49,13.06,13.66
2013,Sikkim,19.4,2.4,19.4,31.53,2.5,5.09,0,0,39,2.02,19.31,3,5,14,17,2.31,4.78,3.59,3.64,2.61,3.15,8.64,9.93,9.23
2013,Tamil Nadu,17.5,2.8,30.7,21.93,2.6,7.61,0,0.28,3142,200.91,15.64,327,1250,1262,303,4.11,4.02,4.06,2.13,0.38,1.24,5.87,14.26,10.2
2013,Tripura,14.4,3.8,40,89.75,3.9,7.32,0,0.08,146,12.25,11.92,14,21,95,16,2.12,2.32,2.21,3.07,3.1,3.08,26.98,24.1,25.51
2013,Uttarakhand,15.5,1.9,9.8,34.18,10,7.08,0.03,0,309,38.01,8.13,84,123,82,20,1.18,1.13,1.15,1,0,0.13,10.45,8.96,9.68
2013,Uttar Pradesh,20.1,2.4,5.9,32.93,5.4,7.63,0,0.01,1424,871.34,1.63,146,330,471,477,10.03,10.53,10.28,3.1,0,1.06,0,0,0
2013,West Bengal,25.1,2.5,19.9,67.14,5,8.86,1.94,0.15,927,291.15,3.18,85,400,357,85,5.7,6.87,6.3,4.16,6.29,5.18,19.41,14.95,17.3
2014,Andaman & Nicobar Islands,8.4,1.5,5.4,44.2,4.1,15.3,0,0,19,1.4,13.57,0,2,14,3,1.06,1.36,1.21,1.54,0,0.52,5.98,8.35,7.2
2014,Andhra Pradesh,30.7,2.3,1.2,65.1,2.1,12.5,0,0.1,1018,156.7,6.5,202,422,340,54,47.76,47.66,47.71,47.58,46.79,47.18,53.44,52.17,52.8
2014,Arunachal Pradesh,38.6,6.7,19.2,57.4,11.3,11.7,0,0,126,4.7,26.81,1,28,92,5,10.22,11.54,10.89,6.74,4.44,5.59,12.75,16.08,14.49
2014,Assam,40,4.6,23.8,123.4,15.2,15.9,0.2,0,553,118.9,4.65,163,240,142,8,6.68,8.19,7.43,6.54,7.6,7.06,32.1,28.59,30.43
2014,Bihar,22.5,3.3,17,31.3,6.4,7.5,0,0,6404,447.8,14.3,4798,571,748,287,1.79,2.38,2.09,3.19,2.77,2.98,26.05,24.67,25.33
2014,Chandigarh,75.2,1.4,1.1,62.3,11.2,16.3,0,0,165,4,41.25,27,38,64,36,0,0,0,1.54,0.72,1.08,0,0,0
2014,Chhattisgarh,24.1,3.9,15.6,49.6,7.9,4.7,0.2,0,2115,100.5,21.04,307,998,692,118,1.39,1.45,1.42,3.51,4.08,3.8,22.72,24.1,23.4
2014,Dadra & Nagar Haveli,9.3,1,3.2,11.1,3.4,5.9,0,0,6,1.3,4.62,0,0,6,0,2.17,1.05,1.57,5.09,3.31,4.13,26.84,30.02,28.59
2014,Daman & Diu,10,2.3,4.9,14.6,3.2,13.9,0,0,3,0.9,3.33,0,2,1,0,0.59,1.07,0.85,3.72,3.41,3.56,20.33,19.46,19.87
2014,Delhi,388.3,2.9,3.4,169.1,35.2,28.2,0.1,0,2547,56,45.48,767,771,887,122,0,0,0,2.37,3.13,2.78,6.64,10.8,8.89
2014,Goa,59.8,1.8,5.9,53.9,7.9,19,0.7,0,113,5.2,21.73,2,20,82,9,0.33,0.08,0.21,0,0,0,7.18,11.67,9.58
2014,Gujarat,23.3,1.8,5.5,37.2,4.4,4.8,0,0.1,4647,206.8,22.47,314,1088,1718,1527,1.07,0.5,0.76,8.04,3.51,5.55,19.81,22.85,21.61
2014,Haryana,75.8,4.1,6.2,73,11.5,12.7,0,0.2,1181,92.8,12.73,141,362,564,114,0.63,0.21,0.41,3.25,1.97,2.54,13.26,11.91,12.51
2014,Himachal Pradesh,9.3,1.9,8.5,44.4,4.3,8.1,0,0.2,342,21.6,15.83,25,76,200,41,0.34,0.57,0.46,0.97,0.6,0.78,8.83,9.32,9.09
2014,Jammu & Kashmir,14.5,1.3,2.8,57,7,5.2,0,0,139,45,3.09,7,18,111,3,5.37,5.53,5.45,4.8,3.86,4.31,16.14,14.7,15.37
2014,Jharkhand,21.4,5,4.1,37.4,4.3,9.1,0.5,0,173,131.5,1.32,57,61,50,5,5.91,6.89,6.41,7.65,7.19,7.42,23.32,23,23.15
2014,Karnataka,34.2,2.7,2.8,46,3.1,12.7,0,0.2,640,195.9,3.27,116,194,265,65,2.22,2.42,2.32,2.73,2.32,2.51,26.57,28.49,27.57
2014,Kerala,13.3,1,5.2,63,0.6,18.9,0,0.2,1575,93.4,16.86,6,368,831,370,0,0,0,0,0,0,11.4,17.3,14.46
2014,Lakshadweep,19,0,1.3,10,0,5.1,0,0,1,0.2,5,0,0,1,0,0,0,0,2.51,1.16,1.86,7.65,8.48,8.03
2014,Madhya Pradesh,38.5,3,15.9,79,10.3,3.6,0.1,0,7802,300.8,25.94,1399,3276,2644,483,10.39,9.9,10.14,13.57,9.88,11.7,27.91,25.2,26.47
2014,Maharashtra,47.8,2.3,6.9,47.6,3.2,11.4,0.1,0,7228,378.5,19.1,486,2556,3589,597,0.59,0.51,0.54,1.5,0,0.61,13.78,15.04,14.47
2014,Manipur,39.3,3.2,10.8,26.7,7.2,6.7,0.1,0,36,9.6,3.75,0,3,26,7,18.75,17.27,18,6.55,7.48,7.02,15.28,12.36,13.8
2014,Meghalaya,31.5,5.8,5.6,28.8,6.6,10.4,0,0,169,10,16.9,39,73,55,2,9.39,11.3,10.34,7.28,6.35,6.84,23.99,25.63,24.75
2014,Mizoram,81.7,4,9.6,51,0.7,8.7,0,0,52,3.7,14.05,0,10,42,0,13.38,12.57,12.97,5.38,6.61,6.02,17.37,20.01,18.7
2014,Nagaland,17.9,2.5,1,6,1.6,3.7,0.1,0,10,6.7,1.49,0,2,8,0,19.74,19.09,19.41,17.63,18.08,17.85,36.08,34.14,35.11
2014,Odisha,22.5,3.5,13.2,70.4,7.3,6.7,0.1,0,1077,140.4,7.67,267,458,310,42,3.04,2.83,2.93,2.48,3.11,2.8,49.57,49.39,49.47
2014,Puducherry,26.6,1.6,6.6,10.6,0.8,5,0,0.6,22,4.7,4.68,1,3,16,2,0.56,0.76,0.67,0.83,0.37,0.59,10.03,18.22,14.24
2014,Punjab,17.7,2.7,10.5,41.1,5.4,14.2,0,0,358,87.7,4.08,14,65,230,49,1.21,1.35,1.29,3.27,2.52,2.86,8.71,8.93,8.83
2014,Rajasthan,40.8,2.3,2.1,91.4,8,36.8,0,0,3041,285.4,10.66,342,1117,1276,306,9.11,7.77,8.4,7.96,4.49,6.04,20.05,17.86,18.78
2014,Sikkim,19.8,1.9,9.1,36.9,3.1,9,0,0,22,2,11,1,14,7,0,3.49,5.55,4.57,3.98,6.35,5.14,12.14,13.74,12.89
2014,Tamil Nadu,17.4,2.6,2.2,18.4,2.5,7.4,0,0.2,1892,202,9.37,206,1006,543,137,0.39,0.53,0.46,4.67,4.38,4.52,8,16.12,12.2
2014,Telangana,42.3,3.6,2.9,78.3,3.2,26,0.2,0.1,1060,111.7,9.49,394,245,321,100,0,0,0,0,0,0,0,0,0
2014,Tripura,9.8,3.7,32.8,88,3.4,5.8,0,0.1,78,12.4,6.29,22,30,26,0,3.52,3.63,3.58,2.21,3.21,2.72,25.7,24.51,25.1
2014,Uttarakhand,16.7,2.1,1.7,27.4,6.6,7.1,0,0,180,38.5,4.68,22,28,68,62,2.83,3.28,3.07,1.57,1.78,1.68,7.44,9.84,8.7
2014,Uttar Pradesh,22.8,2.4,5.1,38.3,5.8,7.2,0,0,1599,885.8,1.81,276,342,609,372,6.22,7.91,7.09,2.43,0,0.52,7.35,7.26,7.3
2014,West Bengal,23.2,2.4,19.4,85.4,6.6,10.5,0.1,0.1,1837,293.7,6.25,128,517,1059,133,2.37,3.44,2.91,3.1,5.63,4.31,19.77,16.73,18.34
2015,Andaman & Nicobar Islands,9,3.5,5.3,51.1,5.1,14.1,0,0.7,16,1.4,11.43,1,2,11,2,0.55,0.47,0.51,1.94,1.44,1.69,8.17,11.47,9.87
2015,Andhra Pradesh,27.4,2.1,1.5,62.3,1.8,13,0,0.1,1371,156.7,8.75,286,520,497,68,6.89,6.57,6.72,5.32,5.09,5.2,15.59,15.81,15.7
2015,Arunachal Pradesh,43.1,4.4,21.7,62.1,13.4,14.4,0.1,0,156,4.7,33.19,5,42,109,0,10.09,11.51,10.81,8.08,5.31,6.7,15.81,18.33,17.11
2015,Assam,38.5,4.2,35.4,148.2,18.1,20.9,0.4,0.1,734,118.9,6.17,110,364,260,0,14.65,16.07,15.36,10.57,10.45,10.51,29.28,24.64,27.06
2015,Bihar,21.8,3.1,12.1,27.9,6.9,8.7,0,0,1674,447.8,3.74,161,557,734,222,0,0.34,0,4.01,4.14,4.08,26.62,25.21,25.9
2015,Chandigarh,56.5,1.1,2,64.8,13.2,21.4,0.1,0,147,4,36.75,26,30,59,32,0,0,0,0.96,0,0.44,0,0,0
2015,Chhattisgarh,22.5,3.6,7.7,44.8,8.1,4.7,0.2,0.1,2290,100.5,22.79,185,706,734,222,2.75,3.08,2.92,5.22,6.46,5.86,19.93,22.62,21.26
2015,Dadra & Nagar Haveli,7.7,2.4,3.1,12.9,3.3,4.3,0,0,20,1.3,15.38,2,9,3,6,1.32,1.6,1.46,4.4,3.7,4.02,15.08,18.19,16.77
2015,Daman & Diu,12.5,1.2,2.8,26.4,8.4,10.6,0.3,0,3,0.9,3.33,0,0,2,1,0.29,1.8,1.1,3.07,3.14,3.11,29.72,34.45,32.27
2015,Delhi,500.3,2.7,3,184.3,37,34.2,0.4,0,3039,56,54.27,756,1268,912,103,0,0,0,0.55,0.95,0.77,9.79,13.55,11.81
2015,Goa,30.4,1.6,3.7,39.9,5.7,10.8,1.3,0,35,5.2,6.73,0,8,24,3,0.84,0.63,0.73,0.21,0,0.08,7.69,14.15,11.16
2015,Gujarat,22.6,1.8,4.6,26.3,3.4,5.1,0,0,1957,206.8,9.46,188,865,816,88,0.98,0.81,0.9,8.54,4.64,6.41,23.24,26.29,25.03
2015,Haryana,75.7,3.7,7.4,75.7,12.9,18.6,0.1,0.2,1333,92.8,14.36,169,387,619,158,5.69,5.54,5.61,6.17,5.51,5.81,15.3,16.34,15.88
2015,Himachal Pradesh,7.8,1.5,6.5,37.4,4.6,8,0,0,241,21.6,11.16,13,43,157,28,0.83,0.46,0.64,1.27,0.5,0.87,5.8,6.31,6.07
2015,Jammu & Kashmir,15.3,1.1,2.2,57,9.3,5.6,0,0,249,45,5.53,20,58,165,6,6.59,6.98,6.79,5.95,4.98,5.44,17.65,16.97,17.28
2015,Jharkhand,23.4,4.6,7.3,40.2,4.2,10.7,0.4,0,124,131.5,0.94,32,26,52,14,5.04,5.91,5.48,8.96,9.02,8.99,24.56,23.45,24
2015,Karnataka,33.5,2.5,2,41.6,3.8,13.5,0,0.2,692,195.9,3.53,28,142,411,111,2.01,2.03,2.02,4.27,3.45,3.85,24.51,27.71,26.18
2015,Kerala,12.4,0.9,5.2,53.4,0.8,15.1,0,0.1,1793,93.4,19.2,1,134,1216,442,0,0,0,0.01,0,0,9.52,14.96,12.32
2015,Lakshadweep,7.5,0,0,22,0,0,0,0,0,0.2,0,0,0,0,0,0,0,0,3.18,2.37,2.78,4.96,8.82,6.76
2015,Madhya Pradesh,38.4,3,7.3,65.5,8.8,3.4,0.1,0,7870,300.8,26.16,902,3088,3261,619,6.72,6.48,6.6,10.7,7.78,9.2,25.98,23.72,24.76
2015,Maharashtra,51.3,2.1,6.7,54.8,6.9,11.5,0,0.1,7370,378.5,19.47,436,2559,3918,457,1.26,1.25,1.26,2.83,0.89,1.79,12.58,13.11,12.86
2015,Manipur,51.8,3.1,8.7,20.8,7,7.8,0,0,25,9.6,2.6,0,7,18,0,9.83,9.5,9.67,4.79,3.61,4.2,15.86,12.94,14.39
2015,Meghalaya,29.8,5.4,4.5,24.5,7.7,10.8,0,0,141,10,14.1,46,61,30,4,8.57,10.35,9.46,6.3,6.77,6.52,20.27,20.79,20.51
2015,Mizoram,81,3.4,7.1,30.9,1.4,11.1,0,0,51,3.7,13.78,0,9,39,3,10.03,10.17,10.11,4.06,5.45,4.78,20.73,23.02,21.88
2015,Nagaland,19.6,2.2,1.1,8,3.6,4.1,0,0,33,6.7,4.93,0,20,13,0,5.02,6.17,5.61,7.97,7.87,7.92,18.47,17.98,18.22
2015,Odisha,23.8,3.5,10.3,81.9,7.7,8.3,0.1,0,1095,140.4,7.8,205,456,343,91,2.81,2.91,2.87,3.49,4.11,3.8,29.37,29.75,29.56
2015,Puducherry,30.3,1.5,2.3,10.9,1.1,6.6,0,0,74,4.7,15.74,1,27,25,21,0.38,0.36,0.37,0.69,0.44,0.56,9.36,14.94,12.2
2015,Punjab,17.6,2.4,8.4,39.7,5.9,14.3,0,0.1,148,87.7,1.69,21,43,74,10,3.25,2.89,3.06,3.56,2.95,3.22,8.38,9.22,8.86
2015,Rajasthan,40.2,2.2,1.9,81.5,7.5,37.4,0,0,2819,285.4,9.88,265,844,1458,252,5.02,5.02,5.02,3.73,2.54,3.07,13.4,13.53,13.48
2015,Sikkim,17.3,2.6,7.8,17.6,3.3,7.2,0,0,41,2,20.5,2,3,23,13,0.62,3.76,2.27,1.08,2.07,1.56,14.38,17.58,15.89
2015,Tamil Nadu,16.2,2.5,1.7,17,2.3,7.7,0.1,0.4,2421,202,11.99,178,873,1222,148,0,0,0,0,0,0,4.35,11.67,8.1
2015,Telangana,40.4,3.2,2.8,83.1,2.9,24.6,0.6,0.1,1448,111.7,12.96,455,512,394,87,1.93,2.22,2.07,2.17,2.44,2.3,14.5,16.54,15.53
2015,Tripura,7.2,3.8,27.8,68.2,4,5.2,0,0.2,43,12.4,3.47,2,13,25,3,1.19,1.37,1.28,1.61,2.37,1.99,28.83,28.03,28.43
2015,Uttarakhand,15.3,1.8,1,28.2,7.2,10.1,0,0,161,38.5,4.18,93,26,30,12,3.67,4.37,4.04,1.62,0.78,1.19,9.45,11.27,10.39
2015,Uttar Pradesh,22.9,2.2,4.8,34.8,5.6,6.7,0,0,1120,885.8,1.26,99,327,554,140,8.04,9.08,8.58,4.61,0.78,2.7,10.6,9.89,10.23
2015,West Bengal,21.4,2.3,19.4,73.4,6.6,10.5,0.1,0.1,651,293.7,2.22,69,200,360,22,0.78,2.13,1.47,2.88,5.83,4.31,19.06,16.33,17.79
2016,Andaman & Nicobar Islands,11.6,2.5,4.9,40.1,4.7,14.8,0,0.7,13,1.4,9.29,0,0,10,3,1.25,2.03,1.65,2.02,1.5,1.76,6.8,7.89,7.36
2016,Andhra Pradesh,26.8,2.2,1.2,63.5,1.8,11.5,0,0.1,1229,156.7,7.84,228,427,475,99,1.9,1.91,1.9,1.16,0.64,0.89,50.39,49.63,50
2016,Arunachal Pradesh,38.7,3.5,17.8,58.7,8.5,12.7,0,0,80,4.7,17.02,3,10,64,3,22.82,23.65,23.25,14.15,11.44,12.81,28.11,31.63,29.93
2016,Assam,39.8,3.5,30.2,131.3,18.8,20,0.3,0.2,480,118.9,4.04,70,216,182,12,4.98,6.21,5.6,2.24,2.78,2.5,28.75,26.37,27.6
2016,Bihar,21.3,2.5,11.5,26.6,7,8.3,0,0,2626,447.8,5.86,530,492,1216,388,8.78,10.26,9.53,12.75,13.65,13.19,40.97,38.49,39.73
2016,Chandigarh,51,1.4,2.3,56.7,10,11.7,0.3,0,141,4,35.25,7,52,78,4,0,0,0,0.96,0,0,0,0,0
2016,Chhattisgarh,21,3.7,3,45.9,8,4.9,0.3,0.1,2394,100.5,23.82,135,857,1116,286,3.07,3.42,3.25,5.29,7.05,6.19,22.39,26.12,24.23
2016,Dadra & Nagar Haveli,6.8,1.2,3.1,14.4,2.3,4.5,0,0,10,1.3,7.69,0,0,10,0,0,0,0,3.34,2.42,2.85,27.85,28.04,27.95
2016,Daman & Diu,12.6,1.2,3,37.3,6.4,7.8,0,0,8,0.9,8.89,0,0,8,0,0,0,0,0.32,0.86,0.61,17.07,21.6,19.52
2016,Delhi,609.2,2.5,2.5,160.4,30.8,29.9,0.4,0,3808,56,68,1008,1510,1185,105,0,0,0,0.65,0.75,0.7,8.58,12.63,10.76
2016,Goa,23.3,1.5,4.3,40.5,5.3,10,0,0,26,5.2,5,2,7,17,0,2.22,1.71,1.96,1.27,0,0,12.99,18.72,16
2016,Gujarat,21.9,1.8,3.9,28.7,4.4,5.5,0,0.1,2085,206.8,10.08,160,1160,677,88,1.05,0.92,0.97,8.32,5,6.52,21.9,25.6,24.08
2016,Haryana,78.7,3.8,7.4,77.8,14.2,18.6,0,0.2,1358,92.8,14.63,169,331,676,182,0,0,0,0.92,0,0,12.29,12.07,12.17
2016,Himachal Pradesh,6.7,1.4,5.2,35.2,4.1,7.1,0,0,263,21.6,12.18,7,59,158,39,1.03,0.67,0.84,1.04,0.74,0.89,6.32,7.65,7.03
2016,Jammu & Kashmir,14.6,1.1,1.5,47.8,6.5,5.2,0,0,319,45,7.09,17,61,194,47,14.91,13.44,14.14,11.79,8.72,10.18,25.53,23.33,24.35
2016,Jharkhand,21.6,4.5,4,33.2,3.9,9.2,0.5,0,142,131.5,1.08,40,42,49,11,15.9,15.54,15.72,20,19.22,19.61,37.13,36.17,36.64
2016,Karnataka,33.1,2.5,2,45.8,4.7,12.8,0.1,0.3,627,195.9,3.2,18,163,369,77,1.96,0.85,1.39,4.65,2.94,3.76,48.42,47.82,48.1
2016,Kerala,11,0.9,5.3,54.9,0.7,14.6,0.1,0.1,1060,93.4,11.35,4,98,669,289,0.04,0.11,0.08,0.04,0,0,9.78,15.58,12.76
2016,Lakshadweep,9.8,0,0,21.4,0,1.2,0,0,0,0.2,0,0,0,0,0,0.61,1.37,1,0,1.45,0,5.91,5.68,5.8
2016,Madhya Pradesh,36.6,2.6,6.9,71.1,9.1,3.6,0.1,0,8464,300.8,28.14,975,2730,3542,1217,4.44,4.58,4.52,8.91,6.48,7.66,23.83,23.69,23.76
2016,Maharashtra,49,1.9,6.3,54.6,7.7,10.8,0,0,7712,378.5,20.38,420,2764,4129,399,0.74,0.65,0.7,1.87,0.7,1.24,11.1,11.43,11.28
2016,Manipur,30.8,3,8.4,19.6,5.6,5.3,0.1,0,12,9.6,1.25,0,1,11,0,17.92,15.7,16.79,12.86,12.67,12.76,20.95,21.14,21.05
2016,Meghalaya,31.3,3.9,4.1,27,5.6,11.6,0,0,93,10,9.3,12,40,29,12,17.36,18,17.68,17.25,17.97,17.59,27.85,28.33,28.08
2016,Mizoram,90.1,2.7,11.1,23.2,0.6,11.2,0,0,63,3.7,17.03,0,31,32,0,15.49,15.24,15.36,9.06,10.63,9.88,28.87,32.46,30.67
2016,Nagaland,20,1.5,1.5,9.2,3.8,5.9,0,0,25,6.7,3.73,5,14,6,0,21.44,20.47,20.94,17.9,18.64,18.27,31.04,31.51,31.28
2016,Odisha,21.2,3.1,10.5,84.5,7.2,8.8,0.1,0.1,1285,140.4,9.15,270,624,336,55,4.44,4.05,4.24,4.94,5.16,5.05,28.83,28.91,28.87
2016,Puducherry,31.8,2,4.5,12.8,0.9,6.2,0,1.1,99,4.7,21.06,20,6,59,14,0,0,0,0.98,0,0.45,9.41,15.72,12.65
2016,Punjab,20.5,2.6,7.6,38,5.4,14.6,0,0.1,157,87.7,1.79,25,40,82,10,2.63,2.99,2.83,2.84,2.92,2.89,7.88,9.14,8.6
2016,Rajasthan,37.4,2.1,1.8,78.3,7.2,32.2,0,0,2943,285.4,10.31,266,866,1411,400,7.06,6.94,7,5.17,3.65,4.34,15.25,15.13,15.19
2016,Sikkim,14.3,2.6,6.2,50.3,1.8,9.4,0,0,39,2,19.5,3,11,25,0,4.09,6.06,5.14,7.73,7.55,7.64,22.71,25.72,24.15
2016,Tamil Nadu,17.4,2.3,0.9,12.9,1.8,5,0,0.3,2810,202,13.91,223,783,1607,197,0.81,0.12,0.46,1.16,1.52,1.35,6.26,13.65,10.03
2016,Telangana,34.3,2.8,3.2,83.7,3.5,25.2,0.2,0.2,1182,111.7,10.58,437,281,393,71,7.75,7.44,7.59,5.58,5.65,5.62,21.5,23.46,22.49
2016,Tripura,6.4,3.8,24.1,53.9,3.6,3.8,0,0.1,42,12.4,3.39,3,29,10,0,4.44,4.33,4.39,4.77,5.9,5.35,30.32,29.21,29.76
2016,Uttarakhand,17.1,1.8,0.6,30.4,7.4,12.1,0,0,151,38.5,3.92,24,51,31,45,5.46,5.68,5.58,3.18,2.97,3.06,8.14,9.94,9.09
2016,Uttar Pradesh,25.8,2.2,5.8,47.5,7.3,7.2,0,0,1587,885.8,1.79,279,509,624,175,10.86,11.44,11.16,7.12,0.64,3.87,12.9,12.54,12.7
2016,West Bengal,21.2,2.2,19.3,71.2,6.4,10.3,0.1,0.1,838,293.7,2.85,52,236,534,16,7.89,8.22,8.05,6.71,11.34,8.95,27.26,26.53,26.93
2017,Andaman & Nicobar Islands,8.5,1.6,12.2,47.7,6,7.1,0,0,25,1.4,17.86,0,2,19,4,0.31,0.15,0.22,0,0,0,4.89,10.18,7.65
2017,Andhra Pradesh,25.5,2,41.8,68.9,2,12.1,0,0.1,1441,156.7,9.2,267,395,626,153,0,0,0,0.55,0,0.24,21.43,24.21,22.87
2017,Arunachal Pradesh,43.7,5.9,25.8,53.4,8.8,8.6,0,0,98,4.7,20.85,4,20,71,3,6.14,10.01,8.13,7.58,6.88,7.24,17.2,20.68,18.98
2017,Assam,43.4,3.5,50.8,143.6,23.9,22.4,0.4,0.5,191,118.9,1.61,55,37,83,16,8.92,11.22,10.08,4.62,6.16,5.36,35.17,32.08,33.68
2017,Bihar,25.8,2.7,78.8,28.8,8,7.6,0,0,1347,447.8,3.01,163,212,456,516,4.87,5.24,5.05,13.27,13.31,13.28,33.73,30.34,32.05
2017,Chandigarh,77.4,1.3,6.7,59.8,10.8,6.5,0,0.5,164,4,41,10,46,106,2,0,0,0,0,0,0,0,0,0
2017,Chhattisgarh,25.6,3.5,53.1,61.1,8,6.5,0.2,0,2417,100.5,24.05,188,852,1149,228,1.46,2.23,1.86,4.91,5.07,4.99,18.21,21.94,20.05
2017,Dadra & Nagar Haveli,8.6,0.7,2.3,9.9,3.2,4.1,0,0,15,1.3,11.54,0,3,6,6,0,0.25,0.08,2.4,2.15,2.26,21.99,27.67,25.09
2017,Daman & Diu,16.9,1.7,1.1,23,4,22.1,0,0,14,0.9,15.56,0,2,12,0,0.57,0.17,0.36,1.35,2.07,1.74,17.06,24.88,21.23
2017,Delhi,787.2,2.2,20.7,133.3,27.6,23.5,0.9,0,3666,56,65.46,810,1217,1403,236,0,0,0,1.56,1.55,1.55,16.03,18.85,17.52
2017,Goa,23,1.5,19,39.6,4.2,9.8,0.2,0,29,5.2,5.58,0,3,20,6,0,0,0,0,0,0,3.96,10.21,7.27
2017,Gujarat,24,1.5,13.7,27,3.3,5.5,0,0,2363,206.8,11.43,120,609,1398,236,2.08,1.31,1.67,9.83,5.57,7.51,18.97,21.77,20.61
2017,Haryana,93.8,3.7,23,88.7,15.7,21.2,0,0.2,1196,92.8,12.89,125,367,489,215,0,0,0,1.17,0,0.4,13.06,13.74,13.45
2017,Himachal Pradesh,8.3,1.4,39.4,35.7,4.7,8,0,0.2,226,21.6,10.46,10,42,111,63,0,0.17,0.01,0.73,0.41,0.56,5.31,7.5,6.47
2017,Jammu & Kashmir,14.7,1.2,11.2,51.9,7.9,5.5,0,0,262,45,5.82,5,27,143,87,2.17,3.63,2.94,0.48,1.9,1.24,2.52,4.07,3.36
2017,Jharkhand,25.8,4.3,16.9,35.6,4.6,10.3,0.3,0,84,131.5,0.64,0,0,78,6,0,0,0,0,0.18,0.02,10.73,8.23,9.48
2017,Karnataka,33.6,2.2,30.8,45.2,4.8,12.1,0,0.3,691,195.9,3.53,34,139,368,150,1.36,1.97,1.67,2.7,2.51,2.6,21.91,26.4,24.27
2017,Kerala,10.7,0.8,56.5,60.2,0.8,13,0,0.2,682,93.4,7.3,1,54,327,300,0.31,0,0.14,0.03,0,0,9.47,14.48,12.04
2017,Lakshadweep,22,0,24.4,14,0,0,0,0,0,0.2,0,0,0,0,0,0,0,0,2.55,1.05,1.81,3.44,7.53,5.47
2017,Madhya Pradesh,39.1,2.4,97.6,78.6,9.8,4.1,0.1,0,7166,300.8,23.82,704,2111,2953,1398,3.55,4.36,3.97,7.24,5.67,6.42,24.24,24.16,24.19
2017,Maharashtra,71.1,1.7,31.1,55,8.5,11.4,0.1,0.1,7771,378.5,20.53,524,2234,3385,1628,0.22,0.18,0.2,2.21,1.29,1.72,12.17,12.9,12.57
2017,Manipur,29.9,2.4,11.6,18.1,5.4,9.7,0.7,0,14,9.6,1.46,0,0,7,7,3.85,3.01,3.42,1.17,0,0.54,7.83,4.12,5.95
2017,Meghalaya,31.1,3.1,5.5,40.7,5.3,10.5,0,0,114,10,11.4,12,43,36,23,0.71,2.73,1.73,5.44,6.43,5.91,17.6,17.35,17.49
2017,Mizoram,86.4,1.9,9.2,57.6,0.4,8.4,0,0,22,3.7,5.95,0,21,1,0,7.41,8.56,8.01,5.63,8.22,6.97,16.87,22.61,19.73
2017,Nagaland,16,1.5,0.9,6.9,2.7,2.7,0,0,22,6.7,3.28,0,4,18,0,4.28,4.97,4.63,3.94,3.82,3.88,12.92,13.54,13.23
2017,Odisha,21.2,3,16.4,94.5,7.8,8,0.1,0.1,1242,140.4,8.85,483,468,232,59,5.62,6.01,5.82,4.83,5.88,5.37,27.83,28.72,28.28
2017,Puducherry,37.2,1.4,44.6,19.3,0.9,5.2,0.2,0,145,4.7,30.85,0,27,34,84,2.2,4.16,3.22,1.52,2.31,1.93,12.74,21.86,17.47
2017,Punjab,23.5,2.2,20.3,34.1,4.7,12.9,0,0.1,270,87.7,3.08,35,59,123,53,2.79,3.03,2.92,3.98,4.07,4.03,10.76,13.65,12.39
2017,Rajasthan,37.1,2,33,73.3,7,29.2,0,0,2692,285.4,9.43,244,549,1198,701,3.5,3.33,3.41,3.35,2.25,2.75,10.79,10.33,10.53
2017,Sikkim,12,2,14,53.1,10.8,9.3,0,0,36,2,18,0,13,23,0,0,0,0,0,1.9,0,14.09,18.33,16.12
2017,Tamil Nadu,22.1,2.2,59.2,15.5,1.5,5,0,0.3,2919,202,14.45,123,601,1559,636,6.03,5.85,5.93,9.44,8.83,9.13,12.97,19.4,16.24
2017,Telangana,33.8,2.2,54.4,94.7,4.2,29.2,0,0.2,1255,111.7,11.24,193,233,403,426,3.06,3.95,3.53,2.12,3.09,2.62,15.16,19.01,17.11
2017,Tripura,7,3.2,28.6,51.2,3.1,3.8,0,0.1,37,12.4,2.98,1,21,15,0,0.7,1.1,0.9,1.87,3.35,2.62,27.26,27.06,27.16
2017,Uttarakhand,19.7,1.7,9.1,36.8,7.4,10.4,0.1,0,182,38.5,4.73,59,48,51,24,3.41,3.38,3.39,2.77,2.14,2.44,10.74,11.9,11.35
2017,Uttar Pradesh,27.1,1.9,18.4,53.2,8.9,9.3,0,0,889,885.8,1,82,158,282,367,7.13,7.22,7.18,9.77,5.04,7.39,19.48,18.65,19.03
2017,West Bengal,18,2.1,31.3,67.3,5.5,10.6,0.1,0.2,733,293.7,2.5,72,173,381,101,0,1.3,0.21,0,0.46,0,15.09,14.12,14.65
2018,Andaman & Nicobar Islands,17.4,2.8,21,77.4,9.3,9.3,0,0,35,1.4,25,6,11,14,4,1.2,0.81,1,0.37,0,0,18.03,26.2,22.22
2018,Andhra Pradesh,21.3,1.8,42.9,63.2,2,12.4,0,0.1,1111,156.7,7.09,155,397,403,156,0,0,0,0.87,1.25,1.06,15.19,17.48,16.37
2018,Arunachal Pradesh,41.7,4.2,25.3,51.1,9,8.2,0.2,0,62,4.7,13.19,0,13,45,4,13.09,14.46,13.78,6.96,6.34,6.66,35.03,36.93,35.98
2018,Assam,46.4,3.6,58.7,166,26.3,25.9,0.4,0.7,152,118.9,1.28,19,40,84,9,2.63,3.51,3.07,0.7,3.14,1.88,32.11,30.77,31.47
2018,Bihar,26.1,2.5,84.9,29.8,8.4,7.8,0,0.1,614,447.8,1.37,82,113,177,242,6.82,8.66,7.76,12.14,12.74,12.43,29.46,27.44,28.46
2018,Chandigarh,110.9,1.7,9.1,83.4,17.9,17.5,0,0.5,215,4,53.75,8,95,89,23,0,0,0,1.26,0,0.44,4.29,4.72,4.52
2018,Chhattisgarh,23.5,3.2,54.8,60.5,8.6,6.6,0.3,0,2324,100.5,23.12,148,732,1194,250,3.5,3.28,3.39,6.28,7.75,7.02,15.58,24.2,19.81
2018,Dadra & Nagar Haveli,4.4,1.3,2.3,17.3,1.1,5,0,0,18,1.3,13.85,0,6,12,0,0.02,0,0,2.36,2.17,2.25,17.5,23.12,20.52
2018,Daman & Diu,12.4,1.3,4.6,12.3,7.6,6.8,0,0,6,0.9,6.67,0,2,0,4,0.33,0,0,0,0.89,0.12,19.26,23.85,21.66
2018,Delhi,1000.4,2.6,26.1,149.6,31,25.1,1.3,0,3315,56,59.2,678,1095,1261,281,0,0,0,0.83,1.27,1.06,13.69,16.06,14.93
2018,Goa,32.7,1.9,24.5,47.6,6.8,14,0.6,0,25,5.2,4.81,0,6,19,0,1.42,1.63,1.53,1.18,0.73,0.94,6.19,12.26,9.4
2018,Gujarat,21.1,1.6,15,26,3,6,0,0,2506,206.8,12.12,113,1062,1048,283,1.9,2.56,2.25,9.14,5.9,7.39,21.15,25.79,23.84
2018,Haryana,102,3.9,21.5,107.5,17.7,20.2,0,0.2,1343,92.8,14.47,190,225,557,371,0,0,0,2.27,1.67,1.94,13.67,15.68,14.79
2018,Himachal Pradesh,9.8,1.4,44.5,45.6,6.5,8.3,0,0.4,287,21.6,13.29,10,39,141,97,0.49,0.15,0.3,0.27,0.24,0.25,6.65,8.85,7.81
2018,Jammu & Kashmir,13.8,1.3,22.7,54,8.5,5.2,0,0,393,45,8.73,89,81,139,84,6.92,6.54,6.71,6.99,5.69,6.31,17.7,17.9,17.81
2018,Jharkhand,23.7,4.6,21.6,39.2,4.7,11.3,0.5,0.1,89,131.5,0.68,12,17,60,0,4.6,6.17,5.4,9.72,10.68,10.21,22.41,22.08,22.25
2018,Karnataka,30.2,2,28,41.9,4.6,11,0,0.4,744,195.9,3.8,30,207,401,106,0,0,0,0.45,0,0.21,20.24,26.36,23.43
2018,Kerala,10.4,0.8,57.4,57.5,0.8,15.8,0.8,0.2,655,93.4,7.01,0,25,264,366,0,0.34,0.15,0,0.12,0,6.83,11.32,9.14
2018,Lakshadweep,11.9,1.5,17.9,36.7,0,0,0,0,0,0.2,0,0,0,0,0,0,0,0,0,0,0,5.5,3.58,4.56
2018,Madhya Pradesh,36.9,2.3,86.6,73.5,10.6,3.6,0.1,0,6102,300.8,20.29,754,2055,2323,970,3.02,3.45,3.25,6.78,5.17,5.93,24.01,25.55,24.85
2018,Maharashtra,86.4,1.8,35,60.9,9.4,12.2,0.1,0,7718,378.5,20.39,490,1840,4043,1345,1.06,1.11,1.09,2.55,1.8,2.15,12.84,13.67,13.29
2018,Manipur,29.2,1.7,5.4,17.7,4.6,4.7,0.2,0,16,9.6,1.67,0,1,15,0,5.11,7.04,6.1,2.76,3.97,3.37,13.17,12.9,13.03
2018,Meghalaya,21,3,5.2,35.7,4.6,8,0.1,0,88,10,8.8,11,36,39,2,15.29,18.43,16.88,8.16,10.94,9.48,18.28,20.85,19.47
2018,Mizoram,60.9,2.3,8,42.2,0.3,5.8,0,0,37,3.7,10,0,10,27,0,7.05,7.96,7.52,2.3,3.83,3.09,10.13,11.17,10.64
2018,Nagaland,19.6,1.5,2.1,7.3,4.2,4.8,0,0,21,6.7,3.13,3,7,10,1,11.23,11.58,11.41,2.77,6.36,4.6,22.49,25.65,24.08
2018,Odisha,20.8,3.2,19.3,91.3,9.1,7.4,0,0.2,1155,140.4,8.23,8,169,799,179,3.89,2.87,3.36,5.02,4.91,4.96,7.23,11.75,9.52
2018,Puducherry,42,2,50.2,21.6,2.3,4.6,0,0,80,4.7,17.02,0,51,23,6,0,2.06,0.57,0,0.12,0.06,7.93,17.29,12.73
2018,Punjab,23.8,2.3,19.8,37.7,5.4,16.3,0,0.1,297,87.7,3.39,25,91,136,45,1.33,1.37,1.35,2.93,2.92,2.93,9.63,13.01,11.52
2018,Rajasthan,37.7,2,33.2,75.1,7.6,27.8,0,0,2610,285.4,9.15,201,657,1042,710,4.84,5.5,5.19,4.43,3.28,3.8,12.76,12.63,12.69
2018,Sikkim,5,1.8,12,55.5,11.2,6.5,0,0,18,2,9,0,7,10,1,4.59,6.12,5.4,0.56,1.67,1.12,21.29,26.3,23.67
2018,Tamil Nadu,23.3,2.1,50.7,15.4,1.5,5.1,0,0.3,2716,202,13.45,212,789,1157,558,1.6,0.75,1.16,0.88,0.23,0.55,8.1,17.72,13.02
2018,Telangana,32.2,2.1,54.5,87.1,4.9,28.1,0.2,0.2,1520,111.7,13.61,195,234,725,366,2.07,1.79,1.92,2.7,3.01,2.86,11.61,15.26,13.47
2018,Tripura,9.4,3.5,42.5,46.5,4.2,4.4,0.1,0.1,54,12.4,4.35,0,27,26,1,2.52,3.58,3.06,3.62,5,4.31,29.69,29.4,29.55
2018,Uttarakhand,21.2,1.9,6.8,52.2,10.6,13.8,0.2,0.1,189,38.5,4.91,29,73,52,35,3.51,3.81,3.67,3.37,4.02,3.71,9.46,12.3,10.95
2018,Uttar Pradesh,24.9,1.8,23.4,55.7,9.7,10.2,0,0,1150,885.8,1.3,101,284,369,396,9.92,9.51,9.71,8.39,3.18,5.74,15.57,15.47,15.51
2018,West Bengal,14.2,2,30.6,64.4,5.4,10,0.1,0.2,591,293.7,2.01,41,169,320,61,2.88,4.04,3.47,0,3.6,1.49,19.61,19.36,19.49
2019,Andaman & Nicobar Islands,8,3.3,28.1,72.2,6.8,5.5,0,0,24,1.4,17.14,1,9,10,4,0.31,0.7,0.51,0,0,0,12.27,19.1,15.71
2019,Andhra Pradesh,21.6,1.7,40.2,67.9,1.7,16.8,0,0,1072,156.7,6.84,149,454,342,127,0,0,0,0.21,0.32,0.27,12.16,17.22,14.77
2019,Arunachal Pradesh,32.4,4,25.5,43.3,7.8,9.4,0.6,0,39,4.7,8.3,0,9,27,3,4.63,7.76,6.22,7.24,7.69,7.46,30.89,37.64,34.26
2019,Assam,47.9,3.6,58.9,177.8,27.4,28.8,0.5,1,136,118.9,1.14,13,30,91,2,3.55,5.05,4.31,2.14,4.82,3.44,32.87,31.54,32.25
2019,Bihar,29.1,2.6,81.2,32.3,8.9,7.6,0,0,1620,447.8,3.62,385,390,518,327,1.52,3.01,2.28,9.24,8.61,8.93,22.66,20.01,21.36
2019,Chandigarh,76.7,2.2,10.7,95.2,14.9,13.5,0,0.3,208,4,52,0,22,178,8,0,0,0,0.32,0.27,0.29,3.32,5.91,4.71
2019,Chhattisgarh,24.6,3.2,63.8,53.5,9.1,6,0.3,0,2031,100.5,20.21,130,779,817,305,0.64,1.37,1.02,3.11,4.55,3.84,17.22,19.36,18.25
2019,Dadra & Nagar Haveli,4.1,1.3,3.1,21.6,1.6,4.7,0,0.8,20,1.3,15.38,0,4,8,8,0,0,0,1.16,1.12,1.14,17.3,22.81,20.25
2019,Daman & Diu,15.1,1.4,4.5,25.2,6.1,7.1,0,0,19,0.9,21.11,1,3,10,5,0.23,0,0,0,0.5,0,16.53,23.19,20.02
2019,Delhi,1233.6,2.6,23.3,144,29.6,24.5,1,0,3256,56,58.14,646,826,1623,161,0,0,0,0.32,0.07,0.19,11.89,15.71,13.9
2019,Goa,33.4,2.1,22,43.1,4.6,10.7,0.2,0,33,5.2,6.35,1,9,19,4,0.22,0.31,0.27,0.22,0,0,7.23,12.82,10.17
2019,Gujarat,20.9,1.5,13.4,27.1,2.7,5.6,0,0.1,2384,206.8,11.53,124,1108,964,188,0.88,1.03,0.96,7.2,3.48,5.21,20.65,25.97,23.71
2019,Haryana,89.5,3.9,19.6,108.5,14,22.5,0,0.2,1596,92.8,17.2,256,446,601,293,0,0,0,2.46,1.34,1.84,11.96,14.38,13.31
2019,Himachal Pradesh,6.5,1,48.2,45.4,6.2,8.8,0,0.2,226,21.6,10.46,5,59,123,39,0.78,0.93,0.86,0.97,0.17,0.55,5.87,8.43,7.21
2019,Jammu & Kashmir,14.2,0.9,19.1,47.8,7.1,4.6,0,0,407,45,9.04,21,53,255,78,5.96,5.76,5.86,5.44,4.87,5.14,18.62,18.35,18.48
2019,Jharkhand,27.8,4.3,18.3,47.8,4.8,10.6,0.4,0,77,131.5,0.59,0,20,57,0,5.25,7.34,6.34,7.92,8.99,8.45,17,16.23,16.62
2019,Karnataka,28.6,2,26.3,42.5,4.7,10.3,0,0.6,586,195.9,2.99,27,163,313,83,0.89,1.44,1.18,2.25,2.67,2.47,14.1,19.38,16.84
2019,Kerala,9.7,0.9,53.7,62.7,1.1,18.7,1.3,0.1,678,93.4,7.26,0,36,302,340,0,0,0,0,0,0,5.92,9.83,7.93
2019,Lakshadweep,27.9,0,38.2,115.2,0,1.5,0,0,0,0.2,0,0,0,0,0,0,0,0,0.38,0,0,2.68,10.56,6.69
2019,Madhya Pradesh,35.4,2.2,83.1,69,11.9,4.1,0.1,0,6186,300.8,20.57,774,1877,2565,970,0.7,0.87,0.78,4.66,3.55,4.08,21.76,24.44,23.19
2019,Maharashtra,78.8,1.7,34,63.1,9.6,12.8,0.1,0.1,6454,378.5,17.05,283,1514,3360,1297,0.05,0,0.02,1.52,0.73,1.1,13.99,16.18,15.17
2019,Manipur,28.2,1.8,6.2,17.2,4.1,4.7,0.3,0,8,9.6,0.83,0,0,6,2,8.72,8.81,8.77,3.55,4.43,3.99,9.24,9.25,9.24
2019,Meghalaya,23.3,2.1,5.5,34.6,4,10.1,0.1,0,89,10,8.9,7,40,41,1,6.12,7.89,7.02,6.62,9.49,7.99,21.79,22.76,22.24
2019,Mizoram,88.5,1.8,6,28.7,0.4,11,1.6,0,25,3.7,6.76,6,13,4,2,7.58,8.01,7.8,1.24,3.79,2.54,17.47,23.18,20.35
2019,Nagaland,17.5,1.2,1.5,4.1,3,5.7,0,0,6,6.7,0.9,2,3,1,0,3.51,4.9,4.22,3.92,6.85,5.4,20.72,21.74,21.23
2019,Odisha,24.6,3.1,21.7,103.5,10.9,9.9,0,0.2,1412,140.4,10.06,126,411,848,27,0.8,0.83,0.82,4.1,4.85,4.49,21.86,25.23,23.59
2019,Puducherry,31.9,1.9,49.3,12.1,0.6,4.4,0,0,15,4.7,3.19,3,8,0,4,0,0,0,0,0,0,4.91,10.83,7.93
2019,Punjab,25.3,2.3,21,41.5,6,14.7,0,0.1,293,87.7,3.34,21,67,150,55,0,0,0,0,0,0,0,4.78,1.63
2019,Rajasthan,52.6,2.1,43.8,110.4,10.4,34.7,0.1,0.1,3022,285.4,10.59,181,751,1267,823,2.81,2.88,2.85,2.08,1.07,1.53,12.1,12.5,12.33
2019,Sikkim,4.8,2.6,15.5,39.8,7.7,5.9,0,0,4,2,2,0,0,4,0,0,0.48,0,0,0,0,21.08,25.55,23.21
2019,Tamil Nadu,20.7,2.3,51.5,15.6,1.2,4.6,0.1,0.2,3304,202,16.36,97,658,1812,737,0.83,1.38,1.12,0.33,0.42,0.38,5.57,13.35,9.55
2019,Telangana,33.5,2.3,56.9,99.3,5.7,30.8,0,0.3,1586,111.7,14.2,266,140,488,692,0,0,0,0,0.37,0.06,10.56,13.95,12.29
2019,Tripura,12.5,3.6,38.3,54.5,4.1,8.7,0.1,0,48,12.4,3.87,0,27,21,0,1.77,2.23,2,3.24,3.79,3.52,26.41,27.02,26.71
2019,Uttarakhand,16.4,1.8,6.8,46.5,8.6,12,0.2,0.1,101,38.5,2.62,18,30,29,24,2.21,2.69,2.47,2.39,2.16,2.26,7.26,9.45,8.41
2019,Uttar Pradesh,22.2,1.7,28.6,55.4,7.3,8.8,0,0,1129,885.8,1.27,139,209,458,323,2.53,2.75,2.65,4.01,0.2,2.05,14.24,14.55,14.41
2019,West Bengal,14.1,2,30.4,64,5.3,10,0.1,0.2,591,293.7,2.01,41,169,320,61,0.33,0.93,0.63,0,0,0,13.61,14.1,13.83
2020,Andaman & Nicobar Islands,1.3,1.3,21.3,76.1,1.8,6.3,0,0,25,1.1,22.73,5,5,12,3,2.54,2.08,2.3,0.62,0.24,0.43,6.75,7.26,7.01
2020,Andhra Pradesh,1.6,1.6,42.2,65,1.4,14.2,0.1,0.2,900,151.1,5.96,122,240,424,114,0,0,0,0.5,0.54,0.52,16.12,17.3,16.73
2020,Arunachal Pradesh,3,3,17.2,38,5.1,9.6,0,0,33,5.9,5.59,0,2,23,8,6.63,9.61,8.13,6.35,7.83,7.06,11.34,8.68,10.08
2020,Assam,3.3,3.3,53.1,154.3,19.9,28.4,0.3,1.1,254,120.8,2.1,41,100,98,15,2.34,4.17,3.27,3.57,6.32,4.9,31.36,29.01,30.27
2020,Bihar,2.6,2.6,80.8,26.3,6.5,6.5,0,0,869,475,1.83,218,213,311,127,0,0,0,3.39,2.13,2.78,18.96,16.3,17.64
2020,Chandigarh,1.8,1.8,8.9,54.8,9.8,13,0.6,0.3,78,3.2,24.38,2,12,58,6,0,0,0,0.52,0.22,0.36,0,0,0
2020,Chhattisgarh,3.3,3.3,74.4,50.7,6.9,5.6,0.2,0,2553,97.5,26.18,159,830,1346,218,0.57,0.84,0.71,3.31,4.79,4.05,11.28,15.52,13.35
2020,Dadra & Nagar Haveli and Daman & Diu,1.3,1.3,2.6,16.3,2,3.2,0.5,0,29,1.9,15.26,0,3,26,0,3.905,5.435,4.725,1.55,2.66,2.14,13.77,20.05,17.085
2020,Delhi,2.3,2.3,19.3,106.4,20,22.3,0.7,0.1,2940,55.4,53.07,406,995,1265,274,0,0,0,1.02,1.22,1.12,5.09,7.04,6.12
2020,Goa,2.2,2.2,19.5,28.5,2.9,9.9,0,0,29,3.8,7.63,0,10,15,4,1.49,1.58,1.54,0.82,0.68,0.75,5.03,6.26,5.68
2020,Gujarat,1.4,1.4,13.2,24.4,1.7,4.5,0,0.1,2171,209.2,10.38,86,933,924,228,1.14,0.92,1.02,5.52,3.67,4.54,20.91,25.11,23.31
2020,Haryana,3.9,3.9,19.5,94.7,10.1,23.2,0.1,0.4,1271,91.2,13.94,127,322,614,208,2.01,2.15,2.09,1.96,1.72,1.83,8.93,12.24,10.78
2020,Himachal Pradesh,1.2,1.2,53.7,44.5,4.7,7.3,0,0.2,245,21.5,11.4,2,55,149,39,1.87,1.9,1.89,1.31,1.41,1.36,7.09,8.08,7.62
2020,Jammu & Kashmir,1.1,1.1,22.8,53.7,6.5,4.6,0,0,215,49.1,4.38,11,45,87,72,4.21,4.5,4.36,4.13,2.64,3.35,4.58,2.9,3.68
2020,Jharkhand,4.2,4.2,26.9,41,4.1,8.3,0.2,0,59,138.4,0.43,0,31,13,15,2.87,4.02,3.46,5.51,5.29,5.4,13.33,12.63,12.98
2020,Karnataka,2,2,23.2,38.7,3.4,7.7,0,1,531,193.5,2.74,12,98,332,89,0.89,1.29,1.1,1.88,2.05,1.97,14.81,18.18,16.56
2020,Kerala,0.9,0.9,45.9,55.1,0.9,25.8,0.7,0.1,434,94.1,4.61,0,20,224,190,0,0.11,0.02,0,0,0,4.85,9.14,7.05
2020,Ladakh,0,0,4.1,7,0,3,0,0,0,0.8,0,0,0,0,0,4.3,3.84,4.07,1.18,3.12,2.13,1.11,5.83,3.35
2020,Lakshadweep,0,0,35.3,45.5,1.5,8.8,0,0,2,0.2,10,0,0,2,0,0,0,0,0,0,0,0,0,0
2020,Madhya Pradesh,2.5,2.5,99.1,63.3,8.7,3.9,0.1,0,5497,287.6,19.11,465,1808,2463,761,1.26,1.43,1.34,6.63,6.1,6.36,22.14,25.15,23.76
2020,Maharashtra,1.8,2.7,38,53.8,6.6,10.1,0.1,0.1,5080,361.1,14.07,179,1120,2774,1007,0.92,1.08,1,1.65,1.36,1.49,11.1,11.29,11.2
2020,Manipur,1.5,1.5,5.2,15.8,2.6,4.9,0.3,0,28,10.3,2.72,5,8,13,2,8.14,8.92,8.54,3.65,4.34,3.99,9.42,9.35,9.39
2020,Meghalaya,2.4,2.4,5.1,34.9,2.8,10.6,0,0,72,13.8,5.22,4,22,46,0,6.13,8.69,7.42,7.75,10.29,8.95,26.85,28.51,27.6
2020,Mizoram,2.3,2.3,8.6,28.8,0.2,10.4,0,0,22,4.2,5.24,7,3,12,0,7.63,8.46,8.06,3.46,7.1,5.32,17.82,22.24,19.99
2020,Nagaland,1.1,1.1,1.5,3.7,1.1,4.6,0,0,11,8.2,1.34,0,2,7,2,5.24,6.56,5.91,3.18,5.17,4.17,22.45,24.73,23.58
2020,Odisha,3.2,3.2,40.2,112.9,9.2,8.9,0.1,0.2,1360,144.1,9.44,11,262,1009,78,0,0,0,0,0,0,15.37,16.68,16.04
2020,Puducherry,2.5,2.5,45.4,14,1.2,3.2,0,0,58,3.6,16.11,41,13,0,4,0,0,0,0,0,0,5.28,8.44,6.89
2020,Punjab,2.5,2.5,21.9,33.8,4.6,11.6,0.1,0.1,332,87.4,3.8,23,64,193,52,0,0,0,0,0,0,11.07,7.28,9.02
2020,Rajasthan,2.2,2.2,42.9,90.5,7.9,13.6,0.1,0,2930,281.4,10.41,178,666,1261,825,1.18,0.81,0.98,2.79,2.55,2.65,8.75,8.99,8.89
2020,Sikkim,1.6,1.6,9.2,44.2,4.8,6.4,0,0,13,2.1,6.19,0,2,10,1,0.18,2.14,1.22,0,0,0,18.37,25.21,21.62
2020,Tamil Nadu,2.2,2.2,48,17.4,1,3.8,0,0.4,3843,206.6,18.6,60,712,2339,732,0.45,0.66,0.56,0.58,0.59,0.59,4.06,8.63,6.4
2020,Telangana,2.1,2.1,65.9,95.4,5.5,34.6,0,0.5,1266,113.8,11.12,174,233,422,437,0,0,0,0,0,0,13.35,14.33,13.85
2020,Tripura,2.8,2.8,29.8,44,3.1,5.1,0.1,0.3,29,12.3,2.36,1,6,18,4,3.88,4.54,4.21,4.86,6.11,5.49,25.41,27.99,26.69
2020,Uttarakhand,1.4,1.4,4.6,51.6,6.8,11,0.1,0.2,85,38,2.24,20,13,28,24,1.64,1.8,1.73,2.12,2.07,2.1,6.93,9.55,8.32
2020,Uttar Pradesh,1.7,1.7,30.4,45.1,5.6,7.3,0,0,1458,853.3,1.71,144,293,575,446,2.1,2.28,2.19,6.52,2.71,4.56,13.16,11.93,12.49
2020,West Bengal,2,2,27.4,76.2,9.5,8.9,0,0.3,630,300,2.1,49,111,401,69,0,0,0,0,0,0,13.28,13.23,13.26
2021,Andaman & Nicobar Islands,5,4,14.2,89.4,1.7,7.5,0,0,14,1.1,12.73,0,1,12,1,0.65,0.2,0.42,1.02,0.89,0.95,3.91,6,5
2021,Andhra Pradesh,22.4,1.8,42.9,67.2,1.6,17.5,0,0.1,1142,151.1,7.56,139,408,444,151,0,0,0,1.5,1.72,1.62,14.97,17.52,16.29
2021,Arunachal Pradesh,48.5,3.2,19.5,49.1,5.5,10.4,0.2,0,25,5.9,4.24,0,0,24,1,9.24,9.26,9.25,8.44,4.82,6.69,12.25,11.2,11.74
2021,Assam,49.4,3.4,57.8,168.3,21.6,33.6,0.5,1.3,211,120.8,1.75,52,58,86,15,5.17,6.84,6.02,7.61,10.1,8.82,20.66,19.78,20.25
2021,Bihar,30.9,2.3,71.8,30.2,8.2,6.4,0.1,0,756,475,1.59,101,148,331,176,0,0,0,5.21,4.03,4.62,21.42,19.48,20.46
2021,Chandigarh,62.5,1.4,8.7,61.7,12.7,14.7,0.3,0,75,3.2,23.44,1,39,33,2,0,0,0,0,0,0,0,0,0
2021,Chhattisgarh,27.3,3.4,81.9,49.8,9.1,5.7,0.2,0,2414,97.5,24.76,100,570,1317,427,0.58,0.96,0.77,3.33,4.84,4.1,8.05,11.5,9.73
2021,Dadra & Nagar Haveli and Daman & Diu,5.8,1.3,2.6,25.3,4.3,3.9,0,0,21,1.9,11.05,2,2,6,11,0,0,0,0,0,0,8.35,10.46,9.47
2021,Delhi,966,2.2,25.5,147.6,26.7,24.8,1.2,0,3317,55.4,59.87,621,970,1390,336,0,0,0,0,0,0,3.71,5.85,4.84
2021,Goa,36.2,1.7,20.1,28.9,3.3,8.4,0,0,14,3.8,3.68,0,1,12,1,0,0,0,0,0,0,5.45,12.05,8.98
2021,Gujarat,15.2,1.4,10.8,22.1,2.3,5.7,0,0.1,2168,209.2,10.36,148,930,888,202,0,0,0,5.76,4.23,4.95,15.89,19.39,17.85
2021,Haryana,91.2,3.8,18.7,119.7,12,20.9,0.1,0.4,1367,91.2,14.99,174,299,612,282,0,0,0,0.19,0.25,0.22,4.94,6.68,5.91
2021,Himachal Pradesh,6.4,1.2,46,43.8,5.8,7,0,0.2,238,21.5,11.07,16,45,106,71,0,0,0,0.53,0.62,0.58,0.9,1.96,1.46
2021,Jammu & Kashmir,17.8,1,26.5,61.6,7.5,5,0,0,408,49.1,8.31,33,83,162,130,4.13,3.94,4.03,3.17,2.83,2.99,6.34,5.63,5.96
2021,Jharkhand,24.6,4.1,24.5,43,4.6,7.2,0.4,0,57,138.4,0.41,8,22,17,10,1.14,2.36,1.77,4,3.7,3.85,8.94,9.68,9.31
2021,Karnataka,25.6,2,22.5,43.8,4.3,9.6,0,1.4,670,193.5,3.46,12,146,378,134,0,0,0,1.06,1.1,1.08,13.02,16.16,14.65
2021,Kerala,8.8,0.9,43.8,73.3,1,15.3,0.6,0.1,442,94.1,4.7,1,32,225,184,0,0,0,0,0,0,4.06,6.85,5.49
2021,Ladakh,3.4,1.7,11.1,13.8,1.3,7.4,0,0,0,0.8,0,0,0,0,0,5.46,7.51,6.51,0,2.21,1.08,5.68,4.03,4.9
2021,Lakshadweep,10.3,1.5,25,27.3,0,4.4,0,0,0,0.2,0,0,0,0,0,0.43,0.48,0.45,1.9,3.23,2.6,0,0.43,0
2021,Madhya Pradesh,35.9,2.4,107.6,74.7,11.2,5.4,0.1,0,6397,287.6,22.24,706,1623,2639,1429,2.91,3.24,3.08,9.01,8.63,8.82,9.67,10.55,10.14
2021,Maharashtra,53.9,1.9,41.1,66,8.4,12.5,0.1,0.2,5615,361.1,15.55,286,1272,3273,784,0,0.04,0,1.6,1.47,1.53,10.61,10.81,10.72
2021,Manipur,28.9,1.5,5.1,19.1,2.7,4.3,0.1,0.2,53,10.3,5.15,0,6,19,28,12.96,13.54,13.26,5.21,5.95,5.59,1.21,1.35,1.27
2021,Meghalaya,22.1,2.4,5.3,41.7,3.7,11.7,0.1,0,69,13.8,5,9,21,31,8,8.58,11.08,9.84,9.4,12.04,10.64,20.37,23.28,21.68
2021,Mizoram,88.7,2,9.1,29.1,0.2,18.2,0,0,39,4.2,9.29,0,11,27,1,5.58,7.08,6.35,1.64,3.78,2.73,10.83,13.06,11.9
2021,Nagaland,19.5,1.2,1.1,5.1,0.2,3.1,0,0,7,8.2,0.85,0,2,5,0,4.49,5.57,5.04,3.36,4.64,4,16.19,18.92,17.52
2021,Odisha,28.4,3,38,137.8,12.3,13.4,0.1,0.4,1610,144.1,11.17,209,586,593,222,0,0,0,6.53,8.04,7.31,25.24,29.22,27.29
2021,Puducherry,25.8,1.2,44.3,18.5,2.5,5.7,0,0.3,114,3.6,31.67,44,34,36,0,3.61,3.72,3.67,2.09,2.75,2.43,4.09,8.42,6.31
2021,Punjab,27.7,2.4,20.1,39.2,5.9,11.8,0,0.1,382,87.4,4.37,61,144,143,34,0.95,1.6,1.31,7.13,8.67,7.97,15.96,18.27,17.24
2021,Rajasthan,43.8,2.2,42.6,105.4,9.7,29.9,0,0,3547,281.4,12.6,321,757,1573,896,3.3,3.8,3.57,4.2,4.43,4.32,7.49,7.78,7.65
2021,Sikkim,4.7,2.1,10,40.6,5.8,10.3,0,0,12,2.1,5.71,0,1,11,0,0.48,2.9,1.76,0,0,0,9.48,14.55,11.93
2021,Tamil Nadu,18.7,2.2,50,22.2,1.1,4.7,0,0.8,2969,206.6,14.37,76,539,1314,767,0,0,0,0,0,0,2.52,6.31,4.47
2021,Telangana,37.1,2.7,58.8,111.2,7.3,55,0,0.5,1350,113.8,11.86,153,212,573,412,0,0,0,2.87,3.4,3.14,12.94,14.49,13.74
2021,Tripura,8.8,3,30,40.2,3.3,5.6,0,0.1,16,12.3,1.3,0,3,11,2,0.95,1.16,1.06,4.26,4.75,4.51,8.15,8.53,8.34
2021,Uttarakhand,19.2,1.8,9.5,61.5,7.2,14.5,0.2,0.3,78,38,2.05,9,9,21,39,0.51,0.97,0.75,2.36,2.99,2.7,4.63,5.37,5.02
2021,Uttar Pradesh,17.7,1.6,31.3,50.5,6.3,8.6,0,0,1528,853.3,1.79,184,311,450,583,2.98,2.4,2.68,4.65,1.25,2.9,10.01,9.45,9.7
2021,West Bengal,9.4,1.9,27.4,74.6,8.5,10.9,0,0.4,592,300,1.97,21,95,414,62,8.15,9.07,8.62,0,0,0,17.66,18.37,17.98
2022,Andaman & Nicobar Islands,6,1.7,19.9,93.7,3.7,10.7,0,0,28,1.1,25.45,0,4,16,8,0.1,0,0,1.4,0.6,1,4.6,6.4,5.5
2022,Andhra Pradesh,25.8,1.7,53.2,96.2,1.7,17.5,0,0.2,1220,151.1,8.07,151,288,511,270,0,0,0,0,0,0,12.3,16.9,14.7
2022,Arunachal Pradesh,45.2,3.6,17,44.4,4.5,12.6,0.3,0,33,5.9,5.59,0,7,14,12,13.6,16.3,15,11,9.9,10.5,16.1,17.7,16.9
2022,Assam,30.8,3,22.5,81.2,12.8,15.7,0.4,1.3,260,120.8,2.15,30,61,125,44,8,8.9,8.5,9.2,11.5,10.3,29.9,29,29.5
2022,Bihar,34.1,2.3,82.6,33.5,9.4,8.5,0.1,0,1444,475,3.04,184,458,511,291,10.2,11.1,10.7,14.6,17,15.8,28.8,30.3,29.5
2022,Chandigarh,104.3,1.5,7.7,57.7,11.5,24.9,0,0,116,3.2,36.25,5,32,70,9,0,0,0,0.8,0.3,0.5,0.4,1.6,1.1
2022,Chhattisgarh,30.2,3.4,86.6,58.2,9.1,6.5,0.2,0,2955,97.5,30.31,96,780,1649,430,5.1,5.7,5.4,5.8,7.3,6.6,15.3,21.3,18.2
2022,Dadra & Nagar Haveli and Daman & Diu,22.4,1.3,6.7,30.4,4.2,22.2,0,0,59,1.9,31.05,0,4,53,2,0,0,0,0.8,0.5,0.7,13.3,23.5,18.8
2022,Delhi,979.6,2.4,28.3,144.4,26.7,23.8,1.3,0,3002,55.4,54.19,392,1032,1267,311,0,0,0,1.7,2.1,1.9,6,8.4,7.3
2022,Goa,34.9,2.8,19.5,35.1,5.4,16.6,0.5,0,30,3.8,7.89,0,5,20,5,0.7,0,0.3,2.1,1.7,1.9,6.4,10.9,8.8
2022,Gujarat,18.5,1.4,10.8,22.9,2.6,5.2,0,0,1774,209.2,8.48,68,510,939,257,0,0,0,7.7,4.1,5.8,21.2,25,23.3
2022,Haryana,97.2,3.4,20.4,118.7,13,22.6,0.1,0.4,1569,91.2,17.2,141,332,799,297,2.4,0.5,1.4,4.6,2.7,3.6,13.9,16.7,15.4
2022,Himachal Pradesh,9,1.1,43.8,42.3,5.5,8,0,0.2,209,21.5,9.72,3,31,134,41,1,1,1,2.2,1.8,2,5.3,8,6.7
2022,Jammu & Kashmir,19.2,0.7,20.7,57.6,7.7,7.2,0.1,0,456,49.1,9.29,33,61,305,57,9.4,8.4,8.9,5,3.5,4.2,9.5,8.6,9
2022,Jharkhand,26.7,4,25.5,40.2,4.9,7.9,0.5,0,146,138.4,1.05,0,27,97,22,11.4,11.7,11.5,14.5,14.4,14.5,25.5,25.8,25.7
2022,Karnataka,31.3,2.1,26.1,53.6,5,11.2,0,1.1,710,193.5,3.67,34,187,371,118,0,0,0,0,0,0,12.3,17.4,14.9
2022,Kerala,11.1,0.9,48.1,82,1.1,23.8,0.3,0.1,613,94.1,6.51,0,34,274,305,2.9,3.2,3.1,1.6,2.1,1.9,5.3,8.1,6.7
2022,Ladakh,6.7,1.7,8.7,11.5,2.7,6,0,0,0,0.8,0,0,0,0,0,4.9,5.3,5.1,2.8,2.6,2.7,10.7,12.5,11.6
2022,Lakshadweep,20.3,0,11.6,48.5,0,5.8,0,0,0,0.2,0,0,0,0,0,4.1,5.1,4.6,3.9,11.1,7.7,8.2,11.2,9.8
2022,Madhya Pradesh,38.4,2.3,116.4,78.8,12.1,4.8,0.1,0,4294,287.6,14.93,302,1089,1868,1035,7,6.5,6.8,10.8,9.4,10.1,20.7,22,21.4
2022,Maharashtra,73.9,1.8,41.2,75.1,9.8,14.9,0.1,0.3,5719,361.1,15.84,225,1008,3173,1313,5,5,5,6,5.7,5.8,15.7,16.3,16
2022,Manipur,39.6,1.5,5.6,15.6,3.1,5.7,0,0.1,33,10.3,3.2,20,4,6,3,13,12.9,12.9,9.2,8.6,8.9,14.1,13,13.5
2022,Meghalaya,27.8,2.2,6.3,41.6,4.2,11.8,0,0,83,13.8,6.01,4,28,40,11,12.9,14.4,13.6,14.2,18.8,16.4,25.8,32.6,28.9
2022,Mizoram,50.2,2.5,8,24.1,0.7,17.8,0.2,0,52,4.2,12.38,0,10,37,5,14.6,15,14.8,8.9,12,10.5,22.8,25.2,24
2022,Nagaland,4.1,0.9,0.7,4.6,1.3,3.9,0,0,5,8.2,0.61,2,0,2,1,10,9.7,9.8,7.9,10.1,9,20,23.1,21.5
2022,Odisha,23.2,3,62.4,103.3,12.7,13.5,0,0.3,1290,144.1,8.95,6,81,106,1097,0.1,0,0,3.2,3.1,3.1,16.1,19.3,17.7
2022,Puducherry,31.2,1.9,44.4,23.6,1.5,6.5,0,0,137,3.6,38.06,53,41,43,0,3.2,3.2,3.2,2.2,2.2,2.2,5.2,9.7,7.5
2022,Punjab,27.8,2.2,20.3,38.4,5.4,12,0,0,558,87.4,6.38,57,129,283,89,3.1,3.2,3.1,4.9,5.6,5.3,8.8,10.5,9.7
2022,Rajasthan,50.2,2.3,45.7,115.1,11,34.6,0,0,3922,281.4,13.94,454,824,1569,1075,4.1,4.6,4.4,5.9,5.6,5.7,11.5,12.3,11.9
2022,Sikkim,4.1,1.3,12.6,55.4,6.7,4.7,0,0,9,2.1,4.29,0,0,8,1,3.5,5.5,4.5,2.1,2.3,2.2,12.1,18.9,15.4
2022,Tamil Nadu,23.2,2.2,54.3,24,1,6,0,0.8,3287,206.6,15.91,164,482,1782,859,2.2,2.5,2.3,0.1,0,0,6.4,13.9,10.3
2022,Telangana,41.3,2.5,59,117,7.9,69.4,0,0.5,1233,113.8,10.83,125,207,537,364,1.4,2.7,2.1,4.4,5.6,5,10.9,12.3,11.6
2022,Tripura,7.4,2.6,24.5,37.1,2.5,5.9,0,0.2,41,12.3,3.33,0,13,28,0,1.2,1.7,1.4,5,6.8,5.9,17.2,18.6,17.9
2022,Uttarakhand,24.2,1.6,10.5,77,10.1,15.7,0,0.2,170,38,4.47,6,33,81,50,19,18.6,18.8,17.2,15,16,14.4,14.9,14.7
2022,Uttar Pradesh,19.5,1.5,32.2,58.6,6.9,9.6,0,0,1674,853.3,1.96,122,288,747,517,7.4,7.3,7.4,5.7,5.9,5.8,7.2,9.5,8.4
2022,West Bengal,9.4,1.7,24.1,71.8,8.2,11.7,0.1,0.4,649,300,2.16,5,101,461,82,7.7,8.4,8.1,3.1,3.7,3.4,7.6,9.6,8.5
